,0
0,94.454994
1,32.170914
2,103.48294
3,70.5088
4,140.1165
5,70.461975
6,7.105662
7,73.08247
8,88.434715
9,16.243462
10,94.82386
11,134.22469
12,14.449725
13,49.145943
14,37.70643
15,109.25524
16,78.24415
17,124.84328
18,-6.349979
19,83.30424
20,67.93078
21,44.393547
22,91.54132
23,89.68543
24,52.501804
25,37.472843
26,9.135891
27,76.461395
28,140.13675
29,46.182533
30,60.532288
31,50.701054
32,100.197105
33,126.853386
34,122.10193
35,61.256382
36,81.08774
37,58.62283
38,77.24036
39,43.22567
40,63.241497
41,86.10551
42,127.182106
43,39.988796
44,-16.664482
45,101.397095
46,131.5237
47,57.025524
48,68.23593
49,178.77196
50,41.47025
51,-33.39543
52,175.35896
53,96.15383
54,-7.440368
55,0.44743854
56,159.19788
57,17.7491
58,77.54661
59,9.955027
60,51.465023
61,76.59962
62,19.165478
63,81.04747
64,33.33556
65,59.972168
66,55.401047
67,-4.034774
68,73.93111
69,99.87995
70,105.41279
71,58.91245
72,149.50294
73,97.36823
74,60.115784
75,23.68932
76,54.4781
77,81.978966
78,-0.8395356
79,73.67491
80,15.18022
81,75.94575
82,107.59431
83,144.76802
84,24.95066
85,37.277763
86,144.19994
87,7.5626445
88,136.62881
89,178.6056
90,-12.596196
91,119.84839
92,159.50401
93,64.71685
94,94.59936
95,37.183247
96,74.0303
97,149.83965
98,16.388536
99,71.029144
100,-11.3184395
101,139.12012
102,142.21342
103,93.85451
104,49.40308
105,81.11118
106,21.586159
107,117.43331
108,60.835403
109,-2.0829418
110,40.64385
111,-32.333534
112,47.073227
113,-3.1431513
114,66.38768
115,62.130688
116,135.58073
117,32.320724
118,238.50758
119,14.335461
120,58.62572
121,100.948074
122,21.963833
123,88.81346
124,131.56761
125,-21.377981
126,94.81717
127,17.409897
128,95.05352
129,134.17587
130,147.4247
131,60.060555
132,46.707687
133,57.02136
134,63.076725
135,-5.398698
136,57.701565
137,121.746956
138,36.011448
139,79.57683
140,82.40615
141,103.552925
142,95.67829
143,22.5149
144,15.917341
145,62.170662
146,135.30309
147,115.75239
148,34.338963
149,53.615913
150,40.62937
151,85.154945
152,127.629005
153,115.29941
154,33.959763
155,102.51507
156,10.0482855
157,32.629345
158,125.1265
159,65.84857
160,82.94574
161,32.67627
162,58.430878
163,118.21777
164,155.81787
165,-6.6743584
166,86.2539
167,200.12161
168,95.54442
169,16.617987
170,119.05973
171,87.18544
172,199.04236
173,58.2668
174,48.933357
175,126.07703
176,185.14638
177,87.203636
178,16.292164
179,127.81076
180,59.632534
181,59.836838
182,114.86575
183,136.2948
184,104.392136
185,65.22923
186,114.543915
187,-2.259848
188,77.51846
189,56.58264
190,65.02306
191,24.34912
192,74.29355
193,73.6079
194,24.742086
195,65.29019
196,49.075928
197,75.77835
198,88.60719
199,10.272002
200,116.22966
201,139.2952
202,18.194992
203,111.93492
204,114.38606
205,32.46293
206,43.040646
207,2.4625778
208,107.80494
209,126.20542
210,151.28708
211,73.6603
212,87.230606
213,15.639047
214,53.99605
215,80.13695
216,78.79305
217,36.007294
218,47.916275
219,84.700424
220,-1.4180101
221,37.831112
222,100.82036
223,128.07933
224,168.90938
225,85.56846
226,109.333
227,14.798229
228,53.469734
229,167.98474
230,16.636097
231,83.01043
232,-3.3939762
233,44.99085
234,129.1815
235,91.2204
236,123.90868
237,20.589619
238,1.1733837
239,44.077877
240,76.38757
241,15.805866
242,113.63821
243,130.72403
244,46.507607
245,90.091705
246,40.82045
247,4.2914686
248,123.963104
249,148.12723
250,270.7476
251,14.246823
252,51.412903
253,31.501303
254,134.73056
255,140.48804
256,108.10648
257,65.827446
258,55.90495
259,90.015144
260,86.52581
261,103.58751
262,-21.081339
263,141.776
264,54.09535
265,147.95198
266,307.047
267,64.741974
268,28.153706
269,37.507053
270,165.47408
271,171.27316
272,117.93105
273,111.068085
274,87.34938
275,79.81489
276,5.670407
277,97.39899
278,55.612274
279,84.966644
280,180.82011
281,165.95311
282,73.1013
283,156.90111
284,141.26239
285,51.701817
286,55.019382
287,54.50717
288,83.66462
289,-35.345196
290,2.9983761
291,29.398903
292,68.223915
293,200.79832
294,112.132225
295,122.21904
296,97.86409
297,115.188805
298,53.686768
299,106.247505
300,14.916914
301,-31.55813
302,48.016903
303,6.328151
304,36.35346
305,62.187107
306,107.58177
307,193.48894
308,55.17088
309,55.190506
310,119.50729
311,12.242215
312,248.44505
313,26.500095
314,40.111588
315,51.57838
316,82.01589
317,93.478294
318,23.927855
319,127.34669
320,88.103195
321,51.958057
322,53.620552
323,45.596516
324,-5.560722
325,48.035454
326,74.356674
327,198.06284
328,117.56565
329,176.25285
330,-15.255559
331,100.23521
332,34.35429
333,64.44715
334,104.7573
335,131.80698
336,-5.767391
337,49.996376
338,64.66164
339,33.450912
340,42.519646
341,82.93971
342,80.8617
343,20.22877
344,54.327675
345,63.00249
346,188.31105
347,123.01949
348,132.82196
349,67.34425
350,80.48777
351,84.66284
352,24.758781
353,23.353882
354,77.66154
355,21.376648
356,39.822
357,164.53134
358,-25.003244
359,103.24177
360,52.925858
361,67.408806
362,72.334305
363,9.552146
364,28.119732
365,39.1993
366,30.549217
367,104.12284
368,58.12183
369,111.66433
370,98.18454
371,-40.149555
372,94.58951
373,97.78093
374,125.42712
375,76.921364
376,47.084576
377,45.666615
378,44.49047
379,14.705117
380,102.25392
381,51.288445
382,88.212524
383,116.62752
384,30.191622
385,17.918188
386,164.02904
387,34.528114
388,65.1806
389,40.21741
390,65.8848
391,86.26169
392,131.76093
393,-2.7693856
394,64.164085
395,-0.025703982
396,7.351616
397,40.044186
398,13.556548
399,19.16667
400,46.126743
401,209.93538
402,14.58257
403,114.58559
404,39.11168
405,49.429283
406,39.97381
407,198.04532
408,78.70127
409,16.282253
410,130.9944
411,31.536963
412,56.0631
413,107.91316
414,70.10775
415,40.21869
416,38.314575
417,46.084015
418,-27.317282
419,111.98525
420,46.07517
421,-5.17297
422,25.051847
423,7.2108626
424,131.92624
425,15.776149
426,120.170334
427,37.401257
428,48.989796
429,37.410736
430,135.50064
431,79.775
432,21.914364
433,107.68695
434,75.5316
435,149.90292
436,64.62881
437,69.125595
438,51.168434
439,8.731086
440,99.11238
441,70.44707
442,151.9552
443,38.343807
444,57.84296
445,121.38494
446,143.00032
447,80.522675
448,79.76331
449,106.32811
450,143.60338
451,-66.00706
452,50.143547
453,111.350624
454,-10.712968
455,76.23168
456,155.57982
457,105.48032
458,71.67727
459,67.78156
460,30.760988
461,79.95819
462,69.678185
463,194.89761
464,190.64827
465,55.912792
466,33.919327
467,112.05751
468,85.38028
469,13.708798
470,51.6703
471,29.051998
472,50.789528
473,100.15138
474,37.586964
475,6.2826633
476,54.641487
477,181.03963
478,65.08017
479,75.47641
480,98.56578
481,117.062614
482,124.06722
483,137.15715
484,93.81378
485,118.59931
486,39.53114
487,12.909842
488,35.991688
489,9.830514
490,96.787476
491,23.046976
492,51.089832
493,19.421722
494,221.62965
495,4.274387
496,27.145962
497,89.03206
498,32.091583
499,94.011566
500,45.55964
501,115.97538
502,12.858238
503,87.78772
504,37.539143
505,145.19562
506,12.265894
507,92.857735
508,44.34294
509,134.42865
510,141.81313
511,154.78984
512,5.436561
513,65.571526
514,72.23705
515,89.36473
516,-1.2717059
517,100.98982
518,58.873096
519,175.21135
520,58.327755
521,97.96511
522,91.72461
523,108.118385
524,139.62822
525,93.074615
526,154.42738
527,95.0194
528,33.663754
529,111.260925
530,52.595634
531,51.780632
532,18.252102
533,78.22722
534,100.138756
535,121.45365
536,-9.693404
537,70.745384
538,78.99587
539,45.029865
540,71.18996
541,53.624146
542,51.9747
543,119.60893
544,46.89661
545,127.42101
546,129.84096
547,27.831722
548,24.013645
549,109.464745
550,24.38363
551,28.376339
552,90.382805
553,129.39633
554,153.5047
555,48.48812
556,93.99568
557,31.422047
558,57.486496
559,230.67871
560,110.2768
561,155.47601
562,-15.016121
563,50.19814
564,109.652565
565,101.40325
566,91.02318
567,37.248913
568,70.96529
569,134.64941
570,31.984482
571,31.121214
572,7.313625
573,0.40443683
574,132.09686
575,37.99588
576,20.467655
577,30.403746
578,91.5542
579,148.89377
580,84.25522
581,24.242342
582,321.19186
583,13.381512
584,116.06256
585,87.09218
586,6.4132876
587,116.49684
588,58.370792
589,47.89617
590,91.41175
591,88.538574
592,52.96659
593,-3.2963426
594,89.01439
595,-15.434213
596,54.602356
597,15.738424
598,156.77722
599,114.76417
600,97.49894
601,104.30599
602,114.25038
603,76.80636
604,57.950756
605,132.26158
606,157.02809
607,191.21904
608,41.36019
609,117.984665
610,62.382435
611,108.19355
612,16.927135
613,19.933447
614,51.427483
615,150.94476
616,92.88498
617,55.317265
618,116.299194
619,35.455963
620,45.662533
621,54.890404
622,74.157394
623,33.766544
624,175.24982
625,55.182415
626,39.455597
627,57.462242
628,67.44011
629,99.86825
630,32.42642
631,61.878025
632,80.37488
633,111.25346
634,68.75026
635,99.31048
636,63.13429
637,2.6100519
638,65.52203
639,48.915264
640,143.73326
641,42.53191
642,62.745617
643,25.709661
644,-11.938356
645,30.446592
646,69.99365
647,100.63991
648,55.740135
649,84.585915
650,39.191055
651,58.564754
652,83.58572
653,69.7319
654,65.60373
655,104.63327
656,-28.734621
657,72.77323
658,54.75246
659,142.11731
660,78.63851
661,105.87305
662,100.02418
663,169.0538
664,8.318255
665,82.808136
666,119.56444
667,29.204426
668,14.257101
669,2.3537607
670,91.988434
671,182.20499
672,166.40182
673,147.70973
674,34.89913
675,121.63397
676,104.778305
677,21.448008
678,55.990845
679,140.5343
680,112.55329
681,-9.146552
682,85.223915
683,123.918434
684,93.3174
685,55.66658
686,24.4792
687,77.43306
688,7.896348
689,-30.867048
690,39.571815
691,81.63267
692,76.41715
693,90.154144
694,110.76555
695,94.03914
696,138.95166
697,92.58257
698,87.00708
699,100.445335
700,77.08094
701,86.94134
702,51.687737
703,82.27961
704,21.41042
705,50.90447
706,75.036896
707,9.895925
708,80.19136
709,3.9939227
710,73.43685
711,100.74947
712,-17.419765
713,94.47795
714,147.83934
715,59.085903
716,59.670753
717,9.965004
718,154.14453
719,101.124596
720,49.621532
721,17.776503
722,33.558075
723,44.04658
724,35.827263
725,103.3401
726,81.54184
727,113.79625
728,116.40363
729,142.04572
730,92.54399
731,122.510056
732,144.2795
733,-32.326202
734,-39.745735
735,43.681995
736,156.724
737,104.723694
738,94.60802
739,152.3164
740,135.22664
741,74.72028
742,56.50712
743,175.25018
744,76.9444
745,95.905464
746,108.0751
747,97.91711
748,52.12108
749,119.59216
750,69.867546
751,54.18224
752,77.08876
753,34.58815
754,141.06845
755,150.0778
756,44.91036
757,79.489426
758,113.27465
759,33.82858
760,82.01609
761,80.57794
762,98.724525
763,45.630856
764,157.13196
765,35.678402
766,56.80467
767,59.86273
768,12.528115
769,24.566422
770,65.801956
771,85.661766
772,17.000736
773,126.365074
774,151.58401
775,103.68323
776,49.14755
777,96.79391
778,42.98193
779,26.863646
780,157.74382
781,66.467415
782,89.27227
783,71.02608
784,73.47988
785,67.4108
786,56.558758
787,174.79129
788,155.48221
789,104.66057
790,121.64233
791,98.76137
792,51.18063
793,-8.534781
794,102.619446
795,2.1627872
796,107.62931
797,40.31152
798,151.72086
799,18.985725
800,98.98491
801,119.94883
802,170.21611
803,5.718422
804,74.267456
805,51.74311
806,63.958946
807,232.74309
808,185.74524
809,56.19287
810,66.12011
811,145.34024
812,127.80813
813,29.918432
814,84.57483
815,174.60736
816,69.406555
817,58.356323
818,68.199425
819,126.84769
820,169.7102
821,114.63415
822,81.966965
823,41.453873
824,86.76318
825,86.26268
826,4.519649
827,51.29934
828,67.352325
829,174.59053
830,148.46349
831,63.38804
832,65.680176
833,53.302635
834,194.63528
835,26.664581
836,121.095924
837,86.47865
838,-0.95366657
839,104.558784
840,141.55724
841,163.9535
842,52.35534
843,63.748302
844,118.74224
845,96.970955
846,227.42836
847,43.816135
848,-12.061779
849,113.377266
850,3.514178
851,-10.832629
852,88.21187
853,137.49226
854,38.956623
855,104.9729
856,80.360725
857,87.75556
858,70.47702
859,35.828728
860,109.983505
861,17.023018
862,117.60123
863,69.02878
864,195.71375
865,45.057503
866,61.034744
867,119.15731
868,67.55908
869,15.241945
870,31.716795
871,14.999375
872,104.975235
873,270.98416
874,51.194767
875,35.433044
876,30.721361
877,114.01435
878,33.9859
879,140.8663
880,21.774097
881,54.06096
882,-6.743971
883,40.198338
884,3.3114407
885,123.3482
886,47.911465
887,148.84395
888,79.92614
889,186.52834
890,52.171383
891,148.21765
892,254.78546
893,131.56615
894,35.31562
895,16.682821
896,79.131386
897,17.364702
898,72.28113
899,154.2896
900,-8.340053
901,35.017933
902,46.490463
903,120.58866
904,180.12926
905,62.463005
906,227.93318
907,36.50881
908,30.202414
909,56.39567
910,122.6462
911,174.95544
912,104.28036
913,87.368256
914,107.34898
915,137.2681
916,4.0402274
917,26.59619
918,97.153755
919,106.71255
920,97.80529
921,72.36163
922,136.63579
923,40.119144
924,60.776787
925,117.821465
926,-10.888448
927,38.57094
928,84.46481
929,32.205544
930,78.682335
931,127.19714
932,172.16736
933,73.237564
934,184.82616
935,80.0935
936,89.957726
937,27.92577
938,45.585415
939,41.783546
940,131.44312
941,93.06947
942,127.33683
943,153.17003
944,26.990093
945,88.50871
946,196.92387
947,131.17772
948,31.168472
949,105.86151
950,140.9142
951,47.65334
952,158.6801
953,116.00132
954,101.41168
955,144.80905
956,38.437855
957,92.84293
958,-36.23443
959,80.02515
960,18.240961
961,24.930532
962,31.69881
963,46.489986
964,81.91929
965,95.94541
966,83.612335
967,12.26256
968,-4.3218493
969,133.43864
970,154.90988
971,119.63843
972,95.26016
973,84.18352
974,35.920036
975,66.5977
976,127.67007
977,124.27968
978,153.41042
979,20.750813
980,45.863205
981,98.59326
982,13.154071
983,74.8747
984,44.900146
985,27.086542
986,111.30436
987,5.5048327
988,39.828457
989,120.02907
990,79.2623
991,55.57059
992,179.9806
993,23.790375
994,73.395706
995,61.16102
996,6.130648
997,26.40585
998,102.497894
999,112.362885
1000,52.311764
1001,15.386496
1002,175.40047
1003,91.24406
1004,100.01735
1005,20.509874
1006,73.41736
1007,95.20392
1008,12.831309
1009,34.494335
1010,151.93579
1011,100.82549
1012,7.2222085
1013,95.64364
1014,72.60067
1015,103.49973
1016,127.196785
1017,20.814518
1018,173.61006
1019,126.53523
1020,-2.6792746
1021,81.217064
1022,81.916115
1023,44.71539
1024,120.53341
1025,103.185905
1026,133.62943
1027,138.90314
1028,115.96741
1029,85.3762
1030,16.637417
1031,86.93828
1032,61.2515
1033,5.206727
1034,114.87022
1035,104.60837
1036,-10.619409
1037,56.521843
1038,126.17333
1039,80.01135
1040,108.63908
1041,14.034304
1042,77.60552
1043,85.72604
1044,111.81929
1045,50.32672
1046,50.970993
1047,41.578377
1048,31.205936
1049,62.626907
1050,-14.50621
1051,48.517544
1052,114.59287
1053,23.8608
1054,8.978909
1055,47.95553
1056,161.42708
1057,65.60704
1058,132.59608
1059,34.35796
1060,66.66459
1061,87.75574
1062,26.665411
1063,98.27363
1064,147.78786
1065,-3.1006713
1066,113.98638
1067,88.40798
1068,73.74624
1069,15.134487
1070,82.30075
1071,49.61273
1072,153.12935
1073,33.398598
1074,6.263709
1075,34.25813
1076,255.14632
1077,30.785465
1078,101.88953
1079,80.57623
1080,-29.68745
1081,88.430244
1082,59.46665
1083,91.01222
1084,5.729966
1085,92.033325
1086,75.0197
1087,99.48692
1088,47.410282
1089,15.393917
1090,56.934692
1091,80.51787
1092,-15.254126
1093,30.809069
1094,126.31436
1095,56.857746
1096,102.12069
1097,80.487915
1098,46.142273
1099,-9.27926
1100,27.985323
1101,83.38009
1102,118.77731
1103,71.264244
1104,77.39834
1105,80.63115
1106,164.93858
1107,79.56677
1108,179.11707
1109,106.89633
1110,25.838902
1111,35.853886
1112,-10.980291
1113,104.748566
1114,147.96486
1115,54.544964
1116,4.123208
1117,7.678176
1118,55.539555
1119,14.2668
1120,54.336174
1121,51.286423
1122,21.737328
1123,143.53471
1124,54.30557
1125,22.564487
1126,60.53898
1127,114.03443
1128,36.721466
1129,41.591457
1130,131.23593
1131,139.2117
1132,58.737373
1133,38.490307
1134,165.60802
1135,87.477844
1136,52.502308
1137,149.60449
1138,112.95624
1139,161.49715
1140,105.82609
1141,89.94977
1142,0.6552061
1143,94.53628
1144,82.978455
1145,44.587357
1146,29.35068
1147,59.528564
1148,77.475624
1149,156.7465
1150,37.668747
1151,99.1496
1152,58.482384
1153,145.32988
1154,81.452995
1155,64.37059
1156,99.7154
1157,25.48929
1158,129.30247
1159,91.22848
1160,95.89034
1161,-1.7081822
1162,131.75633
1163,104.09601
1164,38.874958
1165,3.7381423
1166,110.5685
1167,26.206364
1168,105.21078
1169,150.88622
1170,39.96975
1171,58.464775
1172,91.11674
1173,41.35656
1174,48.72111
1175,37.72323
1176,77.518196
1177,180.8564
1178,-17.41725
1179,111.81541
1180,99.00558
1181,32.79713
1182,41.49244
1183,5.371147
1184,66.65699
1185,132.94702
1186,29.568537
1187,60.14733
1188,73.90245
1189,29.321148
1190,132.58331
1191,115.15483
1192,79.53451
1193,83.714005
1194,-34.983242
1195,97.69588
1196,88.96726
1197,94.06411
1198,70.12175
1199,53.065758
1200,74.62019
1201,66.387886
1202,75.81001
1203,18.092873
1204,15.458132
1205,36.866528
1206,30.011679
1207,-34.31812
1208,83.26817
1209,75.06297
1210,77.40234
1211,98.40081
1212,71.57416
1213,16.992455
1214,210.49121
1215,72.81395
1216,141.19397
1217,9.700289
1218,61.37324
1219,84.19901
1220,-0.44148153
1221,135.39684
1222,54.83746
1223,144.6947
1224,74.30489
1225,0.97478104
1226,224.57584
1227,28.133343
1228,100.69657
1229,58.613655
1230,77.21915
1231,63.481514
1232,43.505886
1233,50.973904
1234,56.93738
1235,24.749538
1236,162.87173
1237,117.681694
1238,73.51765
1239,59.662098
1240,118.163414
1241,160.38402
1242,53.413136
1243,69.618355
1244,143.16049
1245,85.6525
1246,77.498825
1247,94.66213
1248,54.91153
1249,93.99863
1250,52.444878
1251,116.92672
1252,84.08371
1253,147.15138
1254,25.176527
1255,124.388565
1256,5.3330626
1257,80.13779
1258,51.005157
1259,61.874462
1260,83.64728
1261,87.762184
1262,21.376501
1263,139.79245
1264,31.250021
1265,211.41188
1266,133.53789
1267,31.668158
1268,70.617455
1269,115.36088
1270,43.633373
1271,83.67098
1272,22.787054
1273,84.87841
1274,31.203224
1275,6.5939903
1276,33.028015
1277,11.281717
1278,61.444122
1279,-9.604595
1280,15.449674
1281,147.5268
1282,56.43264
1283,76.15892
1284,134.126
1285,99.87062
1286,98.42502
1287,69.95484
1288,22.570833
1289,120.62419
1290,164.86353
1291,91.642006
1292,51.774826
1293,176.16685
1294,28.198847
1295,102.344826
1296,19.21305
1297,177.33417
1298,50.523018
1299,49.497925
1300,205.87439
1301,67.37881
1302,109.22586
1303,88.937614
1304,53.069904
1305,18.267305
1306,62.443874
1307,12.67719
1308,166.4666
1309,43.27781
1310,3.5703082
1311,24.292496
1312,89.90832
1313,33.91606
1314,-10.422009
1315,97.02698
1316,39.256027
1317,35.342575
1318,121.245056
1319,61.979576
1320,35.143353
1321,126.52768
1322,21.794405
1323,51.194485
1324,43.496708
1325,120.83503
1326,71.28384
1327,86.368904
1328,1.4289762
1329,71.81493
1330,102.900925
1331,113.65941
1332,60.56124
1333,66.899895
1334,71.05441
1335,110.17184
1336,52.53162
1337,41.235218
1338,50.688145
1339,240.99841
1340,149.0936
1341,88.19829
1342,98.449196
1343,48.951096
1344,138.92104
1345,89.90181
1346,147.48314
1347,130.95518
1348,24.448912
1349,97.88366
1350,33.917667
1351,64.916115
1352,81.329834
1353,80.81461
1354,151.89047
1355,75.09904
1356,27.780756
1357,53.196033
1358,109.285194
1359,133.28854
1360,31.533043
1361,51.96233
1362,107.622475
1363,67.34682
1364,60.211422
1365,89.47983
1366,134.06383
1367,84.44973
1368,85.97258
1369,86.28684
1370,46.14215
1371,85.22657
1372,76.393105
1373,122.34374
1374,109.2558
1375,-1.9974337
1376,79.1377
1377,175.06436
1378,70.744995
1379,16.971684
1380,61.970097
1381,139.45607
1382,58.12927
1383,1.6844281
1384,31.934496
1385,77.32429
1386,161.37886
1387,63.63098
1388,41.73518
1389,-20.968184
1390,42.82828
1391,29.955935
1392,66.85639
1393,72.786896
1394,145.03714
1395,109.872604
1396,191.4201
1397,147.77988
1398,20.261517
1399,66.08883
1400,160.02197
1401,51.726013
1402,91.95558
1403,125.184494
1404,139.90295
1405,121.51144
1406,44.626415
1407,55.23101
1408,79.1355
1409,69.18192
1410,60.588776
1411,27.342882
1412,47.948616
1413,90.071396
1414,105.308784
1415,53.38589
1416,13.26929
1417,52.116257
1418,17.607336
1419,97.88924
1420,127.19992
1421,46.67285
1422,53.447514
1423,88.00556
1424,81.226166
1425,90.8519
1426,42.371227
1427,45.16268
1428,120.13149
1429,100.198814
1430,22.268465
1431,140.6723
1432,46.153545
1433,14.893499
1434,66.226944
1435,121.14008
1436,147.85013
1437,45.800644
1438,123.54905
1439,21.650028
1440,102.23109
1441,106.62822
1442,26.676413
1443,58.088383
1444,-9.9697485
1445,39.66724
1446,18.098429
1447,138.88112
1448,143.3967
1449,82.72455
1450,103.17749
1451,49.028736
1452,64.87652
1453,34.372707
1454,197.33281
1455,129.08932
1456,88.86177
1457,123.48559
1458,139.1922
1459,53.446297
1460,23.079296
1461,27.603436
1462,59.931587
1463,109.61292
1464,92.25463
1465,-2.6984212
1466,88.14403
1467,-4.878588
1468,60.594696
1469,-11.280936
1470,142.87988
1471,184.98029
1472,125.715836
1473,171.46286
1474,201.58423
1475,99.07589
1476,96.14988
1477,152.43355
1478,36.212543
1479,-4.5480714
1480,16.596764
1481,41.082134
1482,63.84721
1483,71.77496
1484,87.347015
1485,106.712395
1486,118.20613
1487,44.47497
1488,20.384552
1489,61.206146
1490,-0.30608484
1491,-15.602916
1492,39.435894
1493,74.04377
1494,47.406296
1495,54.801186
1496,153.80663
1497,-6.562501
1498,80.19426
1499,47.187912
1500,116.360344
1501,85.46899
1502,64.87332
1503,101.72642
1504,43.874985
1505,3.051796
1506,101.23384
1507,47.304447
1508,78.03391
1509,45.383205
1510,8.496915
1511,47.289257
1512,23.733812
1513,56.867474
1514,28.981556
1515,38.722332
1516,80.85206
1517,51.03308
1518,10.073627
1519,38.566273
1520,49.871887
1521,63.741917
1522,78.94178
1523,156.35632
1524,126.879326
1525,-2.6522808
1526,139.60216
1527,90.747475
1528,208.38521
1529,92.14298
1530,60.671528
1531,-27.900154
1532,89.09201
1533,-21.832714
1534,192.46613
1535,20.009306
1536,62.697166
1537,-21.914175
1538,52.23984
1539,72.11261
1540,135.7261
1541,117.884766
1542,100.26679
1543,35.830715
1544,68.8667
1545,66.20625
1546,97.16254
1547,95.92212
1548,36.976
1549,236.58789
1550,118.66351
1551,110.6938
1552,77.850235
1553,94.84782
1554,116.07974
1555,103.70386
1556,84.191956
1557,127.31005
1558,88.94992
1559,45.09986
1560,107.65626
1561,154.83644
1562,1.2037759
1563,34.522858
1564,88.8531
1565,119.94078
1566,55.62121
1567,-21.248432
1568,181.86969
1569,10.610382
1570,23.715187
1571,89.65585
1572,47.0975
1573,63.19408
1574,-9.245401
1575,160.96222
1576,132.65897
1577,146.86783
1578,-5.6672072
1579,57.395256
1580,41.88499
1581,45.919254
1582,41.414337
1583,3.8004076
1584,88.572464
1585,41.681355
1586,26.834103
1587,166.4945
1588,164.24767
1589,15.260625
1590,5.905922
1591,95.159096
1592,180.48256
1593,143.37354
1594,43.075294
1595,188.57013
1596,47.242607
1597,130.65128
1598,152.72598
1599,48.70875
1600,31.583836
1601,50.35581
1602,119.16177
1603,2.9674878
1604,124.54366
1605,59.936634
1606,99.16241
1607,108.78027
1608,59.83783
1609,82.70006
1610,50.667625
1611,117.875404
1612,169.56587
1613,82.984566
1614,64.48804
1615,108.81778
1616,66.751724
1617,132.521
1618,92.08052
1619,-7.5117874
1620,114.26795
1621,54.54094
1622,132.4112
1623,14.32475
1624,54.85409
1625,76.1318
1626,42.89983
1627,57.722767
1628,129.35777
1629,29.166283
1630,104.36255
1631,136.52608
1632,26.669353
1633,50.678684
1634,10.739248
1635,50.93994
1636,24.245813
1637,48.326893
1638,51.266705
1639,7.2532873
1640,54.190434
1641,64.10396
1642,127.526276
1643,51.16861
1644,70.16917
1645,111.073494
1646,94.669334
1647,62.055565
1648,139.63158
1649,47.091633
1650,86.436066
1651,116.06624
1652,6.7460246
1653,41.49041
1654,88.277275
1655,27.929525
1656,80.78907
1657,43.668
1658,-17.967896
1659,7.3866405
1660,208.17181
1661,39.165344
1662,65.45304
1663,216.5182
1664,116.871
1665,42.020676
1666,148.81235
1667,25.981867
1668,39.6897
1669,26.919518
1670,89.52916
1671,112.66605
1672,70.475235
1673,60.228493
1674,146.8732
1675,-15.805173
1676,27.166172
1677,109.38049
1678,150.06429
1679,70.31893
1680,80.928696
1681,28.952314
1682,75.02925
1683,59.044357
1684,-11.012032
1685,151.2234
1686,93.54706
1687,317.651
1688,59.21749
1689,70.632
1690,167.91473
1691,66.08199
1692,27.679373
1693,-0.44872305
1694,57.036373
1695,33.633812
1696,100.29118
1697,92.949486
1698,131.79575
1699,131.87282
1700,14.905474
1701,45.794094
1702,45.376404
1703,33.37563
1704,63.079105
1705,69.530975
1706,23.761171
1707,-2.5857983
1708,55.540264
1709,24.174957
1710,107.78392
1711,84.47618
1712,37.715145
1713,19.063396
1714,42.525295
1715,50.31752
1716,137.75705
1717,91.78197
1718,22.348635
1719,134.4306
1720,65.83039
1721,37.22854
1722,75.3187
1723,-38.59065
1724,87.05538
1725,156.15598
1726,130.37749
1727,85.37541
1728,25.8002
1729,63.378036
1730,102.97435
1731,0.90249234
1732,155.44319
1733,78.839806
1734,208.23918
1735,26.106167
1736,130.81941
1737,154.3373
1738,44.71268
1739,90.6993
1740,32.062862
1741,73.24338
1742,152.9431
1743,60.110638
1744,40.573483
1745,47.33952
1746,35.218468
1747,85.16149
1748,46.578823
1749,40.66453
1750,24.493515
1751,111.43147
1752,52.067024
1753,116.72779
1754,74.477005
1755,75.026
1756,125.282486
1757,93.596664
1758,134.92204
1759,100.11972
1760,20.610327
1761,178.6101
1762,50.89894
1763,114.93921
1764,171.13586
1765,86.96508
1766,166.91713
1767,141.16946
1768,74.34919
1769,79.3824
1770,61.673252
1771,111.26548
1772,29.823858
1773,190.8528
1774,101.80341
1775,101.00971
1776,34.61146
1777,99.40114
1778,191.39577
1779,73.60781
1780,62.921364
1781,47.763878
1782,41.38876
1783,26.068605
1784,55.40636
1785,37.5653
1786,180.32921
1787,88.68474
1788,7.890165
1789,60.309616
1790,19.70137
1791,88.75423
1792,-5.5495653
1793,13.948569
1794,32.073063
1795,26.403276
1796,95.04855
1797,100.94536
1798,85.180046
1799,55.943306
1800,34.757366
1801,48.552094
1802,30.565674
1803,115.29576
1804,52.51471
1805,35.778316
1806,45.955517
1807,156.0948
1808,41.825504
1809,58.467762
1810,79.48893
1811,101.82678
1812,78.33833
1813,75.33361
1814,54.9274
1815,163.1839
1816,50.270313
1817,76.57819
1818,90.15351
1819,137.36914
1820,82.88936
1821,146.81396
1822,242.20592
1823,93.153496
1824,115.60406
1825,-9.973385
1826,105.66449
1827,202.30453
1828,82.26421
1829,85.246574
1830,75.87411
1831,67.97092
1832,-19.780546
1833,97.425964
1834,47.399242
1835,57.812138
1836,96.57851
1837,8.773512
1838,61.021225
1839,27.839859
1840,20.786089
1841,56.98076
1842,133.9601
1843,37.705853
1844,172.01053
1845,120.66894
1846,109.79526
1847,69.37917
1848,93.76441
1849,17.902931
1850,97.20615
1851,58.47488
1852,138.08061
1853,5.4201183
1854,64.744965
1855,54.113556
1856,241.78636
1857,85.30312
1858,56.225838
1859,137.73625
1860,104.1626
1861,23.862768
1862,144.71565
1863,189.20462
1864,147.1836
1865,171.87491
1866,174.58762
1867,159.28783
1868,49.28258
1869,86.15685
1870,50.127705
1871,91.96531
1872,11.310602
1873,69.58861
1874,36.202343
1875,58.16153
1876,150.65842
1877,-2.9678376
1878,46.963497
1879,174.1525
1880,156.92645
1881,85.7099
1882,39.375156
1883,92.95821
1884,112.94525
1885,34.095425
1886,-35.618675
1887,30.944937
1888,74.37878
1889,34.709225
1890,157.0273
1891,76.52472
1892,65.96212
1893,28.494778
1894,122.490616
1895,46.382698
1896,-7.961863
1897,76.74697
1898,71.64224
1899,83.73378
1900,41.988365
1901,101.914215
1902,49.318287
1903,37.218254
1904,25.931404
1905,80.78836
1906,49.599773
1907,50.80186
1908,-15.190462
1909,113.53848
1910,40.865005
1911,58.43633
1912,37.999454
1913,94.69593
1914,41.090984
1915,72.22164
1916,116.62507
1917,90.10968
1918,23.910387
1919,71.84871
1920,-7.8795834
1921,32.705326
1922,51.51721
1923,36.184933
1924,131.68234
1925,32.61957
1926,30.419563
1927,130.63515
1928,165.13753
1929,124.29649
1930,146.80852
1931,126.21929
1932,38.96511
1933,58.67797
1934,0.40932053
1935,95.73194
1936,5.106156
1937,22.427708
1938,26.470303
1939,89.94236
1940,62.739513
1941,120.36193
1942,87.66766
1943,182.58076
1944,34.558933
1945,62.749218
1946,72.12706
1947,90.56352
1948,136.93216
1949,32.65808
1950,46.760174
1951,98.97969
1952,67.88741
1953,34.016823
1954,14.601183
1955,84.45065
1956,66.16053
1957,176.12616
1958,42.72741
1959,93.48637
1960,75.906525
1961,160.36835
1962,41.669445
1963,85.362495
1964,290.7793
1965,48.478436
1966,108.50137
1967,144.8164
1968,49.82182
1969,14.7905
1970,25.889881
1971,125.79602
1972,56.315083
1973,159.20258
1974,84.394516
1975,90.37616
1976,122.57142
1977,33.980164
1978,77.93953
1979,138.32178
1980,114.28746
1981,27.30521
1982,29.47096
1983,142.49538
1984,59.459217
1985,102.05591
1986,123.494095
1987,98.13169
1988,137.10448
1989,76.56329
1990,56.94502
1991,11.384868
1992,28.496485
1993,143.81363
1994,14.11784
1995,102.35257
1996,-2.560385
1997,0.89400554
1998,17.246761
1999,16.447714
2000,33.205753
2001,128.31367
2002,75.028786
2003,26.10018
2004,66.40188
2005,90.6691
2006,90.521355
2007,67.91974
2008,61.355247
2009,82.92758
2010,10.186522
2011,51.85155
2012,67.97809
2013,50.45018
2014,25.600708
2015,152.91824
2016,123.075455
2017,60.403915
2018,118.96513
2019,70.70645
2020,10.203677
2021,6.85159
2022,7.7647314
2023,83.48117
2024,49.67078
2025,91.49908
2026,110.495476
2027,70.428055
2028,72.16132
2029,103.33662
2030,140.79752
2031,128.22215
2032,88.99837
2033,67.26804
2034,34.222786
2035,95.686226
2036,78.2903
2037,52.357162
2038,49.06106
2039,73.755356
2040,88.81203
2041,192.92159
2042,16.616676
2043,-14.893093
2044,137.07281
2045,37.214622
2046,27.864405
2047,155.47
2048,68.53876
2049,-47.903595
2050,3.52086
2051,69.62858
2052,31.747395
2053,80.42754
2054,-40.855938
2055,15.988604
2056,34.61843
2057,85.0304
2058,79.66151
2059,38.962612
2060,133.41086
2061,162.22891
2062,72.07835
2063,100.051956
2064,213.87207
2065,15.170206
2066,3.7611306
2067,83.13672
2068,6.9354005
2069,58.432953
2070,67.577484
2071,147.31229
2072,115.34913
2073,86.20044
2074,56.141403
2075,67.68471
2076,58.164623
2077,99.22541
2078,24.661428
2079,-33.89733
2080,77.88394
2081,85.804115
2082,148.21948
2083,76.468376
2084,51.81827
2085,8.6044855
2086,102.03635
2087,73.44444
2088,56.716896
2089,14.870151
2090,89.444
2091,47.047947
2092,56.243034
2093,31.215807
2094,13.296217
2095,123.32995
2096,55.06439
2097,84.53321
2098,119.437904
2099,92.8712
2100,143.27856
2101,45.944668
2102,99.62391
2103,44.794483
2104,18.895874
2105,19.70508
2106,66.07731
2107,35.380493
2108,3.891441
2109,175.24829
2110,54.398132
2111,108.196754
2112,41.80979
2113,80.76977
2114,98.8177
2115,136.95197
2116,30.21574
2117,93.9014
2118,85.0218
2119,104.592224
2120,15.913274
2121,105.536644
2122,139.44388
2123,69.50584
2124,44.043606
2125,108.96269
2126,173.41031
2127,35.813534
2128,44.540936
2129,27.42805
2130,43.060135
2131,11.685969
2132,176.05647
2133,41.313263
2134,65.016106
2135,-7.6517324
2136,46.161263
2137,181.05763
2138,103.96235
2139,49.13432
2140,134.96198
2141,230.58237
2142,38.530056
2143,27.687723
2144,70.8145
2145,97.31195
2146,55.32393
2147,51.618233
2148,42.564793
2149,63.05091
2150,40.825233
2151,73.42929
2152,-31.939575
2153,35.29664
2154,23.046623
2155,104.36252
2156,163.70233
2157,29.240488
2158,102.16385
2159,144.84496
2160,49.572407
2161,173.8777
2162,43.64309
2163,86.51579
2164,136.5495
2165,66.03258
2166,15.65469
2167,4.621877
2168,64.53859
2169,122.926186
2170,91.00813
2171,290.6032
2172,67.44987
2173,40.868305
2174,-9.919376
2175,110.7946
2176,81.46523
2177,164.39717
2178,7.502617
2179,241.50462
2180,4.6445956
2181,1.3453224
2182,45.73161
2183,-59.965282
2184,77.38201
2185,94.69821
2186,59.692036
2187,128.7446
2188,67.10631
2189,77.39884
2190,90.68265
2191,77.78908
2192,56.11093
2193,70.62149
2194,28.470547
2195,48.596546
2196,197.46123
2197,49.119896
2198,107.76062
2199,53.073483
2200,114.93656
2201,136.56291
2202,103.370544
2203,29.210447
2204,34.09353
2205,57.81685
2206,173.44249
2207,64.36977
2208,83.931564
2209,25.545853
2210,92.71062
2211,142.61508
2212,68.53106
2213,139.28796
2214,113.62635
2215,181.40303
2216,105.12334
2217,100.99268
2218,117.96075
2219,-6.7408266
2220,110.994934
2221,37.598885
2222,41.15194
2223,96.36129
2224,95.02873
2225,155.00203
2226,36.941036
2227,160.6974
2228,117.432274
2229,109.44908
2230,56.135975
2231,117.84508
2232,8.142603
2233,39.15479
2234,96.78744
2235,131.30856
2236,79.08888
2237,80.619354
2238,89.673035
2239,153.34987
2240,-30.435574
2241,-4.443273
2242,90.527794
2243,41.137234
2244,103.04341
2245,31.535576
2246,106.615456
2247,49.252247
2248,86.49051
2249,79.265495
2250,51.954414
2251,42.375587
2252,77.772194
2253,168.93855
2254,69.31609
2255,146.89714
2256,59.666378
2257,66.66848
2258,39.504337
2259,16.338709
2260,23.20178
2261,19.944633
2262,59.71143
2263,41.00806
2264,59.727573
2265,70.47447
2266,48.461594
2267,108.32084
2268,72.38554
2269,21.903181
2270,191.32089
2271,139.50032
2272,57.75342
2273,-6.8194666
2274,47.964085
2275,96.19261
2276,129.96295
2277,113.646866
2278,-2.2930474
2279,123.53328
2280,31.228033
2281,150.7084
2282,27.42711
2283,54.55153
2284,148.55255
2285,69.07915
2286,33.40533
2287,56.448864
2288,141.14175
2289,116.120125
2290,51.075207
2291,139.21117
2292,80.57782
2293,23.443943
2294,18.657274
2295,38.426567
2296,23.405462
2297,114.0468
2298,41.304802
2299,24.086426
2300,35.7733
2301,118.73906
2302,73.18384
2303,65.97476
2304,9.023363
2305,48.966125
2306,119.359245
2307,97.68549
2308,21.880669
2309,119.48295
2310,55.71328
2311,74.81668
2312,64.62838
2313,48.25136
2314,120.51674
2315,34.64645
2316,107.23335
2317,0.96176386
2318,108.825775
2319,46.51147
2320,56.09861
2321,150.36078
2322,87.82214
2323,65.356544
2324,87.11411
2325,2.2277172
2326,181.94058
2327,74.22439
2328,101.32978
2329,83.97291
2330,83.88648
2331,132.57845
2332,66.64818
2333,73.10735
2334,135.08194
2335,82.69592
2336,90.19068
2337,36.762024
2338,-25.512434
2339,103.35906
2340,28.441074
2341,125.13685
2342,145.23645
2343,175.79427
2344,46.500813
2345,112.28653
2346,54.555992
2347,-6.538125
2348,96.721054
2349,-2.0071905
2350,44.6511
2351,52.173195
2352,50.357044
2353,143.83525
2354,-9.068971
2355,92.07944
2356,-0.15826806
2357,62.660706
2358,54.501583
2359,119.63663
2360,40.651863
2361,22.43935
2362,127.94327
2363,-11.0050535
2364,129.57231
2365,6.7459764
2366,95.195114
2367,6.249603
2368,32.57566
2369,47.615925
2370,132.62004
2371,210.07016
2372,49.43844
2373,-11.93683
2374,155.02971
2375,-23.599392
2376,26.165058
2377,31.978428
2378,59.090347
2379,102.06569
2380,71.21385
2381,31.273258
2382,-18.17902
2383,43.336945
2384,53.52114
2385,57.223427
2386,98.28676
2387,52.79497
2388,26.942263
2389,90.10602
2390,136.65758
2391,64.38559
2392,189.66971
2393,166.7645
2394,93.65244
2395,52.67022
2396,36.30701
2397,40.034065
2398,78.04071
2399,146.6086
2400,72.99733
2401,45.254005
2402,3.0044389
2403,71.44349
2404,49.779556
2405,49.665333
2406,112.8388
2407,166.52643
2408,158.85226
2409,199.35931
2410,39.21872
2411,41.224873
2412,15.369158
2413,56.305405
2414,322.27954
2415,-14.026143
2416,74.83621
2417,53.101444
2418,64.43094
2419,237.16911
2420,74.8302
2421,82.940025
2422,157.57207
2423,162.62694
2424,10.177897
2425,-2.4496417
2426,52.80306
2427,144.17633
2428,90.92539
2429,9.668048
2430,68.663895
2431,46.4315
2432,40.079704
2433,0.25272837
2434,134.11
2435,49.46603
2436,49.97738
2437,48.028423
2438,124.56374
2439,92.74521
2440,134.75908
2441,123.31301
2442,111.82523
2443,102.13254
2444,62.039925
2445,22.808468
2446,48.422848
2447,51.446804
2448,100.06825
2449,58.92558
2450,123.545845
2451,121.4634
2452,63.774704
2453,-16.930859
2454,169.89401
2455,87.64868
2456,74.216286
2457,81.88911
2458,71.19767
2459,-33.05593
2460,79.81192
2461,92.979805
2462,16.935743
2463,64.23906
2464,72.48892
2465,77.52104
2466,104.05169
2467,43.305023
2468,89.1307
2469,32.88409
2470,48.23753
2471,104.46898
2472,125.15061
2473,240.89703
2474,31.937685
2475,135.26283
2476,74.02423
2477,39.15294
2478,54.73859
2479,132.00243
2480,91.120255
2481,50.43191
2482,87.62757
2483,17.390207
2484,82.983894
2485,30.019321
2486,28.719053
2487,79.01525
2488,65.83825
2489,35.759026
2490,54.472256
2491,117.37849
2492,71.01385
2493,16.296503
2494,134.3581
2495,134.90242
2496,-11.331777
2497,8.938491
2498,33.533215
2499,-15.712218
